,,,,,,,,,,,,,,,,,,,,,
,93,.6,,,,,,,,,,,,,,,,,,,
,,,,,,,,,,,,,,,,,,,,,
,,,90,,.8,,,90,,,.8 91,,,.1 90,,,.4,,,,
,,,,,,89,,.0,,,,,,,,,,87,,.9,
,,,,,,,,,,,,,,,,,,,,,
,,,,,,,,,,,,,,,,,,,,,
,,,,,,,,,,,,,,,,,,,,,
,,,,,,,,,,,,,,,,,,,,,
,em w,,/o,FC,,w/o,EC Ope,,w/o n,TR w/o T Do,,R & m,FC w/o T ain,,R &,EC w/o T,,R &,ER,,
,,,,,,,,,,,,,,,,,,,,,
,,,,,,,,,,,,,,,,,,,78,.1,
,,,,74,.0,,,,,74,.0,,74,.0,,,,,,,
,,,,,,,,,,,,,,,,,,,,,
,69,.8,,,,,70,.8,,,,,,,,,,,,,
,,,,,,,,,,,,,,,,,,,,,
,,,,,,,,,,,,,,,,68,.8,,,,
,,,,,,,,,,,,,,,,,,,,,
,,,,,,,,,,,,,,,,,,,,,
,,,,,,,,,,,,,,,,,,,,,
,em w,,/o,FC,,w/o,EC,,w/o,TR w/o T,,R &,FC w/o T,,R &,EC w/o T,,R &,ER,,
,. FC hig v a c q 4 h f m t,,,Fa igh lid dh ly est in per io nc no,,,co th e t rar ac nt yp est ara coe (9 se,,,ext full t o hic ev pes rp ate ete fici 66 ant,,,"EC yp r th re opt am he a tα ),i si",,,pi M ee- iev al ter ns oss = dic ila,,,de c ve st erf An vit our 5a ing ty,,
,,,,,,,,,,,,,,,,,,,,,
